name,thumbnail
Person One,https://placeimg.com/300/200/tech
Person Two,https://placeimg.com/300/200/tech
Person Three,https://placeimg.com/300/200/tech
Person Four,https://placeimg.com/300/200/tech
Person Five,https://placeimg.com/300/200/tech
Person Six,https://placeimg.com/300/200/tech
Person Seven,https://placeimg.com/300/200/tech
Person Eight,https://placeimg.com/300/200/tech
Person Nine,https://placeimg.com/300/200/tech
Person Ten,https://placeimg.com/300/200/tech
Person Eleven,https://placeimg.com/300/200/tech
Person Twelve,https://placeimg.com/300/200/tech